Bucket,Scenario File,Makespan,Sum of costs,Number of vertex conflicts,Number of edge conflicts,Solved,Success,Running Time (ms),Memory Used (Kb)
0,../../maps/arena.map.scen,5,34,0,0,True,True,8.0349,39664.0
1,../../maps/arena.map.scen,0,0,0,0,False,False,24.1696,39868.0
2,../../maps/arena.map.scen,14,120,0,0,True,True,68.7167,39884.0
3,../../maps/arena.map.scen,21,166,0,0,True,True,170.2306,40180.0
4,../../maps/arena.map.scen,27,223,0,0,True,True,736.6724,40684.0
5,../../maps/arena.map.scen,31,253,0,0,True,True,2227.9659,41268.0
6,../../maps/arena.map.scen,35,308,0,0,True,True,522.0763,41276.0
7,../../maps/arena.map.scen,42,382,0,0,True,True,12044.3336,42348.0
