Bucket,Scenario File,Makespan,Sum of costs,Number of vertex conflicts,Number of edge conflicts,Solved,Success,Running Time (ms),Memory Used (Kb)
0,../../maps/arena.map.scen,5,34,0,0,True,True,9.6447,39096.0
1,../../maps/arena.map.scen,0,0,0,0,False,False,32.8089,39356.0
2,../../maps/arena.map.scen,14,120,0,0,True,True,95.6385,39264.0
3,../../maps/arena.map.scen,21,166,0,0,True,True,574.2913,39676.0
4,../../maps/arena.map.scen,27,223,0,0,True,True,2387.0629,40112.0
5,../../maps/arena.map.scen,31,253,0,0,True,True,2809.3669,40212.0
6,../../maps/arena.map.scen,35,308,0,0,True,True,8749.7309,40932.0
7,../../maps/arena.map.scen,42,382,0,0,True,True,5377.38,40192.0
